id,date,type,content,media_file
462420,2025-10-10T02:20:55+00:00,text,GM,
462428,2025-10-10T02:33:20+00:00,text,早安安,
462429,2025-10-10T02:33:37+00:00,text,起床，打狗。,
462430,2025-10-10T02:34:17+00:00,text,我是狗,
462431,2025-10-10T02:34:23+00:00,text,跌爛了哈哈,
462495,2025-10-10T04:21:45+00:00,text,GM,
462528,2025-10-10T05:17:58+00:00,text,香蕉牛奶早安安,
462569,2025-10-10T06:18:17+00:00,text,你今天買了啥,
462571,2025-10-10T06:18:41+00:00,text,买了奶子人生,
462572,2025-10-10T06:19:02+00:00,text,涨了3万倍，已经财富自由了,
462573,2025-10-10T06:19:46+00:00,text,笑爛🔥,
462575,2025-10-10T06:20:09+00:00,text,Superex 奈子人生买起來,
25745235,2026-01-26T00:34:30+00:00,text,😁,
25745238,2026-01-26T00:34:46+00:00,text,看看皮痒,
25745244,2026-01-26T00:35:40+00:00,text,你别说，我现在就希望他这样,
25745246,2026-01-26T00:36:01+00:00,text,不都76000了吗,
25745249,2026-01-26T00:36:20+00:00,text,你怎么还在77000上方研究,
25745251,2026-01-26T00:36:44+00:00,text,我86900开的仓,
25745256,2026-01-26T00:37:34+00:00,text,空？,
25745257,2026-01-26T00:37:45+00:00,text,不然呢,
25745258,2026-01-26T00:37:47+00:00,text,勇士啊,
25745261,2026-01-26T00:38:04+00:00,text,差点就触发止损了刚才,
25745262,2026-01-26T00:38:21+00:00,text,不然做多你就暴富啦,
25745272,2026-01-26T00:39:33+00:00,text,我40空river，82爆怎么办,
25745274,2026-01-26T00:39:38+00:00,text,短期做空而已,
25745280,2026-01-26T00:40:12+00:00,text,会爆吗，兄弟们,
25745282,2026-01-26T00:40:29+00:00,text,他妈的凌晨给老子爆仓了，老子还在睡觉,
25745287,2026-01-26T00:40:42+00:00,text,原子弹爆了他都不会,
25745290,2026-01-26T00:40:59+00:00,text,拉不到82是吗,
25745296,2026-01-26T00:42:34+00:00,text,会大暴涨不？,
25745297,2026-01-26T00:42:37+00:00,text,已多睡觉,
25745300,2026-01-26T00:42:42+00:00,text,我就是来看看，不敢炒meme了怕归零, 
25745300,2026-01-26T00:42:50+00:00,photo,media/ff8e7c77a2c34b7eb9c98baca05f2c0a.jpg,
25745301,2026-01-26T00:42:51+00:00,text,我之前看到superex有个可以拿meme炒大饼的,
25745304,2026-01-26T00:43:13+00:00,text,??、那是什么骚东西,
25745305,2026-01-26T00:43:22+00:00,text,我也描述不清楚，大概就是这样，然后那样一下，就可以了。,
25745309,2026-01-26T00:43:41+00:00,text,发个链接给爷看下,
25745310,2026-01-26T00:43:47+00:00,text,不敢发，怕被当广告给嘎了,
25745314,2026-01-26T00:44:11+00:00,text,那我直接去搜搜下，superex全币种合约是吧。,
25745315,2026-01-26T00:44:17+00:00,text,最近superex上了全币种合约你知道吗?,
25745316,2026-01-26T00:44:20+00:00,text,很骚的东西，superex可以用下币炒大饼,
25745327,2026-01-26T00:45:54+00:00,text,我全仓开的40u＊20,
25745330,2026-01-26T00:46:17+00:00,text,应该不会爆吧,
25745331,2026-01-26T00:46:28+00:00,text,啊？,
25745332,2026-01-26T00:46:33+00:00,text,都拉多久了,
25745333,2026-01-26T00:46:37+00:00,text,真猛,
25745340,2026-01-26T00:46:57+00:00,text,0.1的币价格，还有一万倍的跌幅空间,
25745345,2026-01-26T00:48:14+00:00,text,甚至十万倍,
25745346,2026-01-26T00:48:27+00:00,text,om就是个典型,
25745347,2026-01-26T00:48:32+00:00,text,一晚上跌100倍以上，居然还活着,
25745350,2026-01-26T00:48:52+00:00,text,应该下架才对,
25745354,2026-01-26T00:49:09+00:00,text,不喊了，不喊了，真的不喊了,
25745358,2026-01-26T00:50:15+00:00,text,为什么river还不跌,
25745360,2026-01-26T00:50:28+00:00,text,这是不喊吗,
25745361,2026-01-26T00:50:34+00:00,text,巩固下人心,
25745365,2026-01-26T00:51:01+00:00,text,大牛来一波,
25745366,2026-01-26T00:51:06+00:00,text,巩固下人心,
25745371,2026-01-26T00:51:29+00:00,text,目前市场极度恐慌,
25745375,2026-01-26T00:52:34+00:00,text,最近几个月，抄底的亏无数次，做空的就亏一次,
25745376,2026-01-26T00:52:37+00:00,text,孙割入场了,
25745382,2026-01-26T00:53:35+00:00,text,孙割入场了,
25745387,2026-01-26T00:53:52+00:00,text,穆穆 私信,
25745388,2026-01-26T00:54:00+00:00,text,1300见,
25745403,2026-01-26T00:55:57+00:00,text,只要你愿意，他就不算高,
25745428,2026-01-26T01:01:36+00:00,text,那不是死定了,
25745429,2026-01-26T01:01:45+00:00,text,可以,
25745430,2026-01-26T01:01:50+00:00,text,空了多少兄弟,
25745432,2026-01-26T01:02:06+00:00,text,赚了多少,
25745438,2026-01-26T01:02:42+00:00,text,不是写着,
25745439,2026-01-26T01:02:48+00:00,text,睡觉,
25745440,2026-01-26T01:03:03+00:00,text,希望起来有惊喜,
25745447,2026-01-26T01:04:30+00:00,text,垃圾币，早点归0。炒金银去了,
25745448,2026-01-26T01:04:33+00:00,text,醒来仓位没了,
25745450,2026-01-26T01:04:38+00:00,text,价格没变,
25745452,2026-01-26T01:05:15+00:00,text,不怕保本止,
25745453,2026-01-26T01:05:21+00:00,text,心态好,
25745454,2026-01-26T01:05:32+00:00,text,挣亏就那样,
25745459,2026-01-26T01:06:56+00:00,text,空了就涨多了就跌玩尼玛,
25745465,2026-01-26T01:07:55+00:00,text,2802止损 手续费也要100,
25745466,2026-01-26T01:07:59+00:00,text,大v天龙,
25745467,2026-01-26T01:08:03+00:00,text,下一次再跌到2780做空就行,
25745469,2026-01-26T01:08:17+00:00,text,如果插针，来不及损，可能损失200,
25745477,2026-01-26T01:09:02+00:00,text,一天做好多单,
25745480,2026-01-26T01:09:30+00:00,text,资费扣了多少了 怎么扛得住的,
25745483,2026-01-26T01:09:55+00:00,text,尽头是爆仓,
25745489,2026-01-26T01:10:13+00:00,text,赌波段而已,
25745490,2026-01-26T01:10:23+00:00,text,最多就不挣了,
25745494,2026-01-26T01:10:45+00:00,text,我全仓开了狗狗币，然后我又冲了点钱，划转后怎么自动加狗狗币仓位里面了？,
是因为全仓的原因吗,,,,
90000001,2026-02-06T04:37:23+00:00,text,你听说superex最近新推出那个全币种合约吗,
90000003,2026-02-06T04:37:23+00:00,text,那个是真牛逼,
90000004,2026-02-06T04:37:23+00:00,text,炒完meme之后剩下的钱还能拿来直接开单,
90000005,2026-02-06T04:37:23+00:00,text,梭他妈的,
90000006,2026-02-06T04:37:23+00:00,text,拿meme炒大饼真牛逼,
90000007,2026-02-06T04:37:23+00:00,photo,我看到了,media/ff8e7c77a2c34b7eb9c98baca05f2c0a.jpg
90000008,2026-02-06T04:37:23+00:00,text,哥们又要迟到了,
90000001,2026-02-06T04:35:34+00:00,text,你听说superex最近新推出那个全币种合约吗,
90000003,2026-02-06T04:35:34+00:00,text,那个是真牛逼,
90000004,2026-02-06T04:35:34+00:00,text,炒完meme之后剩下的钱还能拿来直接开单,
90000005,2026-02-06T04:35:34+00:00,text,梭他妈的,
90000006,2026-02-06T04:35:34+00:00,text,拿meme炒大饼真牛逼,
90000007,2026-02-06T04:35:34+00:00,photo,我看到了,media/ff8e7c77a2c34b7eb9c98baca05f2c0a.jpg
90000008,2026-02-06T04:35:34+00:00,text,哥们又要迟到了,
25745495,2026-01-26T01:10:49+00:00,text,😅这叽霸大饼，刚刚好把止损刷掉就涨,
25745496,2026-01-26T01:10:50+00:00,text,2000u了,
25745499,2026-01-26T01:11:30+00:00,text,我感觉2880就跑,
25745500,2026-01-26T01:11:42+00:00,text,十二 可以先给吗,
25745503,2026-01-26T01:11:53+00:00,text,我请教你们一个问题,
25745504,2026-01-26T01:12:06+00:00,text,可以给我解答一下不,
25745507,2026-01-26T01:12:13+00:00,text,张又侠可以拿着宪法去上访吗？,
25745508,2026-01-26T01:12:28+00:00,text,谁有火箭逃跑的渠道联系我,
25745510,2026-01-26T01:12:42+00:00,text,张豪 划转到合约账户加仓,
25745518,2026-01-26T01:13:20+00:00,text,麻吉爆仓，全不爆光,
25745519,2026-01-26T01:13:32+00:00,text,8000见,
25745520,2026-01-26T01:13:38+00:00,text,真牛逼,
25745521,2026-01-26T01:13:44+00:00,text,兄弟们,
25745522,2026-01-26T01:13:48+00:00,text,空他,
25745523,2026-01-26T01:13:53+00:00,text,半夜开的多，现在还在抗单,
25745525,2026-01-26T01:13:55+00:00,text,没事，他还有钱,
25745530,2026-01-26T01:14:24+00:00,text,2954空了40个eth 也吃到了,
25745531,2026-01-26T01:14:29+00:00,text,黄金要跌,
25745533,2026-01-26T01:14:40+00:00,text,大B?,
25745534,2026-01-26T01:14:47+00:00,text,睡觉睡觉起来3000了,
25745539,2026-01-26T01:15:58+00:00,text,呼叫空军速速砸盘🤓,
25745542,2026-01-26T01:16:36+00:00,text,睡觉起来2500,
25745546,2026-01-26T01:17:38+00:00,text,跟上去，做多兄弟们，做市商都给你铺路了,
25745548,2026-01-26T01:17:52+00:00,text,跟上去，做多兄弟们，做市商都给你铺路了,
25745549,2026-01-26T01:18:06+00:00,text,多起来,
25745550,2026-01-26T01:18:13+00:00,text,跟上去，做多兄弟们，做市商都给你铺路了,
25745551,2026-01-26T01:18:41+00:00,text,信号明确多起来,
25745553,2026-01-26T01:19:14+00:00,text,真香,
25745555,2026-01-26T01:19:30+00:00,text,就是开仓的人有点少，拉不动,
25745557,2026-01-26T01:19:57+00:00,text,把高杠杆的都爆完了,
25745566,2026-01-26T01:21:33+00:00,text,赌徒都爆完了，那就盯着成交量开仓就行,
25745567,2026-01-26T01:22:30+00:00,text,牛回,
25745584,2026-01-26T01:26:45+00:00,text,我先不喊了，反弹起来，大家艾特我一下，我去吃火锅了,
25745589,2026-01-26T01:27:57+00:00,text,牛不了，顶多破10,
25745592,2026-01-26T01:28:51+00:00,text,吃爽了，sol 132-119,
25745602,2026-01-26T01:29:47+00:00,text,又炒了个底，吃完买个雅阁绰绰有余,
25745619,2026-01-26T01:33:58+00:00,text,能买双r了,
25745640,2026-01-26T01:37:11+00:00,text,跑了,
25745653,2026-01-26T01:39:43+00:00,text,艹了,
25745654,2026-01-26T01:39:49+00:00,text,挂错单了,
25745656,2026-01-26T01:40:02+00:00,text,大饼何时也能疯起来，拉到150000,
25745662,2026-01-26T01:40:53+00:00,text,昨晚睡懵逼了挂现货里了,
25745702,2026-01-26T01:50:05+00:00,text,包浆了,
25745758,2026-01-26T01:52:19+00:00,text,River 这个币,
25745768,2026-01-26T01:52:31+00:00,text,有没有大佬来说说意见,
25745828,2026-01-26T01:54:40+00:00,text,到底该买啥呀,
25745834,2026-01-26T01:54:48+00:00,text,差不多幾十萬u吧,
25745840,2026-01-26T01:54:59+00:00,text,River 直接做多,
25745842,2026-01-26T01:55:02+00:00,text,…,
25745843,2026-01-26T01:55:02+00:00,text,来，我教你,
25745846,2026-01-26T01:55:11+00:00,text,到100开始空,
25745874,2026-01-26T01:56:53+00:00,text,跑了吗,
25745877,2026-01-26T01:57:00+00:00,text,不跑,
25745881,2026-01-26T01:57:13+00:00,text,怎么回事呢 有没有客服啊,
25745883,2026-01-26T01:57:14+00:00,text,你多少开得多,
25745884,2026-01-26T01:57:20+00:00,text,今天行情又来了吗,
25745906,2026-01-26T01:58:45+00:00,text,前些年交易所赚的盆满钵满，现在交易所能不能救救市场呢？点把火也行啊,
25745917,2026-01-26T01:59:38+00:00,text,肯定是不能,
25745924,2026-01-26T01:59:51+00:00,text,能的话早这么做啦,
25745930,2026-01-26T02:00:18+00:00,text,可放大十分鐘一組一千,
25745944,2026-01-26T02:01:06+00:00,text,88000上不了么,
25745947,2026-01-26T02:01:17+00:00,text,美国政府在周五前关门的概率创下历史新高。,
25745949,2026-01-26T02:01:22+00:00,text,兄弟们  多进去,
25745970,2026-01-26T02:02:45+00:00,text,U用完了，剩下一点100多UDOEG，还是留着玩别的项目吧,
25745971,2026-01-26T02:02:48+00:00,text,兄弟，SuperEx可以有全币种合约,
25745975,2026-01-26T02:02:52+00:00,text,直接划转到全币种合约开BTC多单，既能拿住小币种又能赚主流行情，一举两得？,
25745978,2026-01-26T02:02:57+00:00,text,还可以用任意币种做保证金，平仓零点差，强平划算点,
25745981,2026-01-26T02:03:02+00:00,text,可以用其它币种做保证金？上链接！,
25746161,2026-01-26T02:26:36+00:00,text,？,
25746162,2026-01-26T02:26:39+00:00,text,？,
25746173,2026-01-26T02:28:39+00:00,text,多头已经被挂树上了，根本不敢说话。,
25746175,2026-01-26T02:28:44+00:00,text,再打飞机昏迷过去了,
25746181,2026-01-26T02:30:07+00:00,text,加密货币完蛋了？,
25746182,2026-01-26T02:30:13+00:00,text,没人玩了要,
25746185,2026-01-26T02:30:52+00:00,text,等待下一批韭菜了属于,
25746188,2026-01-26T02:31:24+00:00,text,那要等两到四年周期,
25746190,2026-01-26T02:31:34+00:00,text,散了吧,
25746191,2026-01-26T02:31:52+00:00,text,买在无人问津时,
25746193,2026-01-26T02:32:14+00:00,text,买,
25746195,2026-01-26T02:32:17+00:00,text,看似波澜不惊的走势，其实暗流涌动的交易,
25746200,2026-01-26T02:33:12+00:00,text,一路高歌,
25746201,2026-01-26T02:33:26+00:00,text,做多的，想亏钱都不给你机会,
90000009,2026-02-06T04:37:23+00:00,text,你听说superex最近新推出那个全币种合约吗,
90000011,2026-02-06T04:37:23+00:00,text,那个是真牛逼,
90000012,2026-02-06T04:37:23+00:00,text,炒完meme之后剩下的钱还能拿来直接开单,
90000013,2026-02-06T04:37:23+00:00,text,梭他妈的,
90000014,2026-02-06T04:37:23+00:00,text,拿meme炒大饼真牛逼,
90000015,2026-02-06T04:37:23+00:00,photo,我看到了,media/screenshot_new.jpg
90000016,2026-02-06T04:37:23+00:00,text,哥们又要迟到了,
25746217,2026-01-26T02:35:32+00:00,text,黄金白银涨上天了,
25746220,2026-01-26T02:35:38+00:00,text,真牛,
25746228,2026-01-26T02:37:04+00:00,text,sol已经烂掉了,
25746233,2026-01-26T02:37:59+00:00,text,黄金白银涨，币圈跌，但是黄金白银跌，币圈也不一定涨,
25746238,2026-01-26T02:38:19+00:00,text,cpu干烧,
25746244,2026-01-26T02:39:49+00:00,text,币圈废了,
25746250,2026-01-26T02:40:20+00:00,text,波动太小,
25746253,2026-01-26T02:41:50+00:00,text,币圈已死,
90000009,2026-02-06T04:35:34+00:00,text,你听说superex最近新推出那个全币种合约吗,
90000011,2026-02-06T04:35:34+00:00,text,那个是真牛逼,
90000012,2026-02-06T04:35:34+00:00,text,炒完meme之后剩下的钱还能拿来直接开单,
90000013,2026-02-06T04:35:34+00:00,text,梭他妈的,
90000014,2026-02-06T04:35:34+00:00,text,拿meme炒大饼真牛逼,
90000015,2026-02-06T04:35:34+00:00,photo,我看到了,media/ff8e7c77a2c34b7eb9c98baca05f2c0a.jpg
90000016,2026-02-06T04:35:34+00:00,text,哥们又要迟到了,
25746260,2026-01-26T02:42:05+00:00,text,资金全去黄金白银股市了,
25746261,2026-01-26T02:42:25+00:00,text,现在玩币就和1911年进宫当太监一样,
25746265,2026-01-26T02:43:51+00:00,text,币圈还是有优势的，周六周日不封盘 可以多亏两天🤓,
25746283,2026-01-26T02:45:30+00:00,text,咋不让我说话呢,
25746284,2026-01-26T02:46:31+00:00,text,正常文字交流即可哦，部分数字涉及批量广告转发是会自动过滤的,
25746292,2026-01-26T02:46:44+00:00,text,不赚钱谁来玩 恰好现在黄金白银 就连A股都比炒币容易赚钱,
25746298,2026-01-26T02:48:13+00:00,text,黄金白银涨的好，币涨不起来。。,
25746300,2026-01-26T02:48:30+00:00,text,又要空了,
25746304,2026-01-26T02:49:04+00:00,text,黄金VS电子黄金。  币圈完败，大家散了吧，币圈无了,
25746315,2026-01-26T02:52:24+00:00,text,韭菜出击,
25746339,2026-01-26T02:56:21+00:00,text,#BEAM 輕倉空一下,
25746344,2026-01-26T02:57:03+00:00,text,嗯,
25746358,2026-01-26T02:59:18+00:00,text,Hello,
25746382,2026-01-26T03:03:33+00:00,text,空,
25746460,2026-01-26T03:16:53+00:00,text,你想发什么短信都可以,
25746462,2026-01-26T03:17:12+00:00,text,可以空了,
25746478,2026-01-26T03:18:17+00:00,text,黄金多进去,
25746494,2026-01-26T03:19:50+00:00,text,Rive疯了,
25746518,2026-01-26T03:25:41+00:00,text,黄金白银梭哈,
25746520,2026-01-26T03:26:16+00:00,text,还不如来币圈,
25746521,2026-01-26T03:26:25+00:00,text,币圈随便几十倍,
25746524,2026-01-26T03:26:34+00:00,text,黄金翻倍都困难,
25746526,2026-01-26T03:27:24+00:00,text,你还在做梦吧兄台,
25746527,2026-01-26T03:27:39+00:00,text,打开k线看一看,
25746530,2026-01-26T03:27:48+00:00,text,不信，就走着看,
25746531,2026-01-26T03:27:50+00:00,text,你看黄金在哪儿,
25746534,2026-01-26T03:28:23+00:00,text,黄金还能涨到10000😂😂,
25746562,2026-01-26T03:35:41+00:00,text,贵金属突突,
25746565,2026-01-26T03:36:51+00:00,text,黄金硬通货，币圈是什么垃圾！,
25746581,2026-01-26T03:40:07+00:00,text,几十u吧,
25746583,2026-01-26T03:40:13+00:00,text,还没死呢,
25746585,2026-01-26T03:40:25+00:00,text,马上瀑布了,
25746590,2026-01-26T03:42:33+00:00,text,开空,
25746597,2026-01-26T03:43:36+00:00,text,今天要到底了,
25746608,2026-01-26T03:44:44+00:00,text,反弹 2900都没上去。 还得降,
25746611,2026-01-26T03:45:54+00:00,text,不打战就是底了,
25746612,2026-01-26T03:46:47+00:00,text,美国政府在周五前关门的概率创下历史新高。,
25746613,2026-01-26T03:47:04+00:00,text,大饼 8800二饼2900都没 上去,
25746618,2026-01-26T03:47:39+00:00,text,昨晚被穿损 今天想静静、、、,
25746665,2026-01-26T03:59:57+00:00,text,资本对弈游戏,
25746678,2026-01-26T04:03:09+00:00,text,政府停摆关门机率目前70%,
25746684,2026-01-26T04:03:49+00:00,text,美国政府关门危机和美联储流动性注入的预期，传统避险资产如黄金白银创下新高,
25746687,2026-01-26T04:04:34+00:00,text,大的 要来了,
25746688,2026-01-26T04:04:35+00:00,text,快跑啊,
25746689,2026-01-26T04:04:37+00:00,text,兄弟们,
25746692,2026-01-26T04:04:59+00:00,text,兄弟们  多进去,
25746694,2026-01-26T04:05:02+00:00,text,无脑做多黄金吗,
25746695,2026-01-26T04:05:09+00:00,text,啥时候能到2000,
25746696,2026-01-26T04:05:17+00:00,text,都买黄金去了,
25746700,2026-01-26T04:05:27+00:00,text,我想等回调下做多,
25746702,2026-01-26T04:05:37+00:00,text,要不是特没谱经常喊单，这虚拟币早一文不值了😂😂,
25746705,2026-01-26T04:05:50+00:00,text,黄金还会不会跌,
25746706,2026-01-26T04:05:54+00:00,text,黄金还会不会跌,
25746709,2026-01-26T04:06:27+00:00,text,抄底的先死,
25746712,2026-01-26T04:06:51+00:00,text,摸顶的比抄底死的更快,
25746713,2026-01-26T04:06:58+00:00,text,我等2000买以太坊,
25746719,2026-01-26T04:07:57+00:00,text,黄金还会不会跌回来500,
25746723,2026-01-26T04:08:11+00:00,text,4000空到五千,
25746725,2026-01-26T04:08:14+00:00,text,这么赚钱你自己刷呀,
25746732,2026-01-26T04:08:54+00:00,text,昨晚空riv没,
25746733,2026-01-26T04:09:03+00:00,text,新手教程,
25746738,2026-01-26T04:10:02+00:00,text,开个手续费返佣能省不少,
25746766,2026-01-26T04:18:13+00:00,text,以太4000多的时候你们要是做空拿着不动现在估计宝马都开上了，所以散户就是散户永远拿不住筹码，我也是，4000多的时候做空赚了点就跑了还是拿不住😂😂😂,
25746777,2026-01-26T04:21:00+00:00,text,二饼5刀的时候我告诉你能翻600倍你能拿住吗,
25746789,2026-01-26T04:25:17+00:00,text,是啊,
25746790,2026-01-26T04:25:26+00:00,text,牛,
25746791,2026-01-26T04:25:34+00:00,text,之前阴跌，我3566的仓位3500平了,
25746794,2026-01-26T04:25:43+00:00,text,我刚被貔貅币骗了100u,
25746795,2026-01-26T04:25:49+00:00,text,谁知道那是eth最后一次在3500了,
25746802,2026-01-26T04:27:08+00:00,text,想吃长线玩短线,
25746803,2026-01-26T04:27:08+00:00,text,100u没了大佬们,
25746804,2026-01-26T04:27:13+00:00,text,刚入币圈就交了学费,
25746807,2026-01-26T04:27:17+00:00,text,😭😭,
25746810,2026-01-26T04:27:28+00:00,text,那还赚啥钱,
90000017,2026-02-06T04:37:23+00:00,text,你听说superex最近新推出那个全币种合约吗,
90000019,2026-02-06T04:37:23+00:00,text,那个是真牛逼,
90000020,2026-02-06T04:37:23+00:00,text,炒完meme之后剩下的钱还能拿来直接开单,
90000021,2026-02-06T04:37:23+00:00,text,梭他妈的,
90000022,2026-02-06T04:37:23+00:00,text,拿meme炒大饼真牛逼,
90000023,2026-02-06T04:37:23+00:00,photo,我看到了,media/ff8e7c77a2c34b7eb9c98baca05f2c0a.jpg
90000024,2026-02-06T04:37:23+00:00,text,哥们又要迟到了,
25746811,2026-01-26T04:27:37+00:00,text,别买meme,
25746812,2026-01-26T04:28:09+00:00,text,远离一级市场就是远离貔貅,
25746813,2026-01-26T04:28:16+00:00,text,刚入币圈就交了学费,
25746815,2026-01-26T04:28:26+00:00,text,这不挺好的,
25746816,2026-01-26T04:28:28+00:00,text,我没空river 我做了两个多单😇,
25746817,2026-01-26T04:28:33+00:00,text,幸亏没让你在这上面赚到钱,
25746818,2026-01-26T04:28:41+00:00,text,不然下次你就不会亏一百了,
25746819,2026-01-26T04:28:42+00:00,text,😂😂,
25746820,2026-01-26T04:28:49+00:00,text,喜欢玩一级，碰到貔貅只能认倒霉,
25746822,2026-01-26T04:29:00+00:00,text,那可以,
25746823,2026-01-26T04:29:09+00:00,text,凌晨把韭菜搞死完， 然后又要横一天了,
25746826,2026-01-26T04:29:38+00:00,text,连横盘，带骗抄底， 诱一整天，晚上举刀,
25746830,2026-01-26T04:30:40+00:00,text,你是主力么？,
25746831,2026-01-26T04:30:40+00:00,text,以太只能等下一次打到2780支撑才能空，不下来就不好说了,
25746833,2026-01-26T04:31:16+00:00,text,支撑位做空,
25746835,2026-01-26T04:31:22+00:00,text,压力位做多,
90000017,2026-02-06T04:35:34+00:00,text,你听说superex最近新推出那个全币种合约吗,
90000019,2026-02-06T04:35:34+00:00,text,那个是真牛逼,
90000020,2026-02-06T04:35:34+00:00,text,炒完meme之后剩下的钱还能拿来直接开单,
90000021,2026-02-06T04:35:34+00:00,text,梭他妈的,
90000022,2026-02-06T04:35:34+00:00,text,拿meme炒大饼真牛逼,
90000024,2026-02-06T04:35:34+00:00,text,哥们又要迟到了,
25746836,2026-01-26T04:31:28+00:00,text,马斯克来了都不够亏,
25746839,2026-01-26T04:31:52+00:00,text,以太要涨还得往下破再抽回才能北上,
25746843,2026-01-26T04:32:10+00:00,text,支撑已经测试很多次了,
25746845,2026-01-26T04:32:23+00:00,text,测试的越多越弱,
25746847,2026-01-26T04:32:33+00:00,text,上不去2900,
25746849,2026-01-26T04:32:40+00:00,text,我还特么空他,
25746856,2026-01-26T04:33:17+00:00,text,测试的越久越弱,
25746860,2026-01-26T04:33:31+00:00,text,空,
25746862,2026-01-26T04:33:44+00:00,text,2900空,
25746864,2026-01-26T04:33:55+00:00,text,再做多我是狗,
25746866,2026-01-26T04:34:08+00:00,text,那就2895空,
25746868,2026-01-26T04:34:39+00:00,text,空啥,
25746870,2026-01-26T04:34:48+00:00,text,空老二啊,
25746875,2026-01-26T04:35:38+00:00,text,我说的是日线结构，走的很慢的，要涨要等过完大年后了,
25746879,2026-01-26T04:36:08+00:00,text,现在空他干啥，反弹变反转就老实了,
25746882,2026-01-26T04:36:22+00:00,text,反弹变反转就老实了,
25746883,2026-01-26T04:36:25+00:00,text,那就短多一手,
25746884,2026-01-26T04:36:52+00:00,text,没啥好机会,
25746886,2026-01-26T04:37:05+00:00,text,两边随机波动,
25746899,2026-01-26T04:39:14+00:00,text,加密市场将进入深熊,
25746901,2026-01-26T04:39:24+00:00,text,大饼补跌才刚开始第一波,
25746904,2026-01-26T04:39:51+00:00,text,这一轮熊，看看死哪个超级巨鲸吧?  没准微策略,
25746936,2026-01-26T04:45:08+00:00,text,黄金|白银|大A股都在走超级牛市，加密人和钱都跑光了，凉了~,
25746940,2026-01-26T04:45:44+00:00,text,这波会到多少,
25746942,2026-01-26T04:46:07+00:00,text,买在 无人问津,
25746943,2026-01-26T04:46:11+00:00,text,做多,
25746945,2026-01-26T04:46:38+00:00,text,下午4点前后，欧盟空军又要来袭,
25746946,2026-01-26T04:46:48+00:00,text,全球24小时不间断，循环砸,
25746949,2026-01-26T04:47:11+00:00,text,加密行业找不到丝毫的利好支撑,
25746950,2026-01-26T04:47:14+00:00,text,长期走下跌趋势了,
25746953,2026-01-26T04:47:36+00:00,text,还得砸很久,
25746955,2026-01-26T04:47:48+00:00,text,做多被挂树上了，难受😭,
25746958,2026-01-26T04:48:09+00:00,text,头肩都难做,
25746960,2026-01-26T04:48:18+00:00,text,头肩都出不来,
25746965,2026-01-26T04:49:32+00:00,text,做多如做狗,
25746968,2026-01-26T04:50:12+00:00,text,下载,
25746969,2026-01-26T04:50:12+00:00,text,谁都别想爆我 狗river 有本事拉到80,
25746975,2026-01-26T04:51:23+00:00,text,太容易了说真的,
25746976,2026-01-26T04:51:35+00:00,text,大A里面的10倍股， 比加密市场的10倍币还多,
25746982,2026-01-26T04:52:31+00:00,text,真要跌就是高位横盘跌下来或者大插针，然后回抽上不去了形成反转,
25746985,2026-01-26T04:53:04+00:00,text,币圈基本凉了,
25746988,2026-01-26T04:53:31+00:00,text,嗯，凉了,
25746990,2026-01-26T04:53:42+00:00,text,"(挣'米""阿^",
25746992,2026-01-26T04:53:46+00:00,text,大a只能说挺慢的，只能做长期,
25746993,2026-01-26T04:53:47+00:00,text,除非后面黄金白银见顶，或者大A熄火,
25746994,2026-01-26T04:53:57+00:00,text,再看资金和人会不会回流一些,
25746996,2026-01-26T04:54:26+00:00,text,周期循环的，现在币圈熊市，还得等见底反转才有人来做,
25746997,2026-01-26T04:54:27+00:00,text,而且大A的好处是能承载大资金,
25746998,2026-01-26T04:54:36+00:00,text,正常，牛市都这样,
25747001,2026-01-26T04:54:44+00:00,text,上不去,
25747002,2026-01-26T04:54:59+00:00,text,大a要拉到5000往上最少,
25747005,2026-01-26T04:55:07+00:00,text,大a要拉到5000往上最少,
25747010,2026-01-26T04:55:29+00:00,text,80随便破,
25747015,2026-01-26T04:56:21+00:00,text,快跌了,
25747016,2026-01-26T04:56:22+00:00,text,大a等4500左右蓄力找机会吧,
25747018,2026-01-26T04:56:32+00:00,text,气红温了,
25747020,2026-01-26T04:57:16+00:00,text,2015前高5000那边会在下面震荡的,
25747025,2026-01-26T04:58:16+00:00,text,这波大a的牛市走的很稳，没有以前那样快，哪里是顶真猜不了,
25747031,2026-01-26T04:59:14+00:00,text,黄金26年能到6000吗,
25747034,2026-01-26T04:59:43+00:00,text,感觉要跌,
25747035,2026-01-26T04:59:52+00:00,text,币圈还有救吗,
25747040,2026-01-26T05:00:25+00:00,text,这个单纯为了爆空军的没啥做的,
25747041,2026-01-26T05:00:39+00:00,text,不知道他要吃多久资费,
25747042,2026-01-26T05:00:46+00:00,text,单纯去爆空军的没啥好做的,
25747043,2026-01-26T05:00:59+00:00,text,不会吧 就一直爆吗 他也要出货吧,
25747045,2026-01-26T05:01:04+00:00,text,这种位置可上可下,
90000025,2026-02-06T04:37:23+00:00,text,你听说superex最近新推出那个全币种合约吗,
90000027,2026-02-06T04:37:23+00:00,text,那个是真牛逼,
90000028,2026-02-06T04:37:23+00:00,text,炒完meme之后剩下的钱还能拿来直接开单,
90000029,2026-02-06T04:37:23+00:00,text,梭他妈的,
90000030,2026-02-06T04:37:23+00:00,text,拿meme炒大饼真牛逼,
90000031,2026-02-06T04:37:23+00:00,photo,我看到了,media/ff8e7c77a2c34b7eb9c98baca05f2c0a.jpg
90000032,2026-02-06T04:37:23+00:00,text,哥们又要迟到了,
25747046,2026-01-26T05:01:39+00:00,text,他这资费吃的太难受了,
25747050,2026-01-26T05:02:08+00:00,text,都是做市商在下面烘托氛围，单子抽了就无了,
25747051,2026-01-26T05:02:14+00:00,text,哪有这么多主力,
25747054,2026-01-26T05:02:43+00:00,text,你们为什么不做空,
25747056,2026-01-26T05:02:51+00:00,text,空军的牛市,
25747060,2026-01-26T05:03:20+00:00,text,每次二圣喊单，都是大盘阶段性见顶,
25747061,2026-01-26T05:03:46+00:00,text,跟着二圣做空也是财富密码,
25747063,2026-01-26T05:03:49+00:00,text,熊市和牛市区别不大,
25747064,2026-01-26T05:03:53+00:00,text,双向的,
25747065,2026-01-26T05:04:04+00:00,text,不像a股，散户只能看涨,
25747066,2026-01-26T05:04:20+00:00,text,兄弟们现在啥仓位,
25747069,2026-01-26T05:04:51+00:00,text,做空没屌用，你空了它也不会跌,
25747071,2026-01-26T05:05:12+00:00,text,都是半夜三更很短时间内完成下跌，散户守不到的,
25747073,2026-01-26T05:05:29+00:00,text,拿着空单，过程中轻松把你拉死，吓死,
25747076,2026-01-26T05:06:00+00:00,text,合约还是别做 玩不起,
25747077,2026-01-26T05:06:11+00:00,text,哪个币,
25747088,2026-01-26T05:08:00+00:00,text,1011巨鲸和易理华每次喊做多，抄底，都是要跌，这两货其他号做的空吧,
25747089,2026-01-26T05:08:17+00:00,text,慢步上扬,
25747090,2026-01-26T05:08:36+00:00,text,哪个巨鲸会这么好，带着散户赚钱,
25747093,2026-01-26T05:08:58+00:00,text,有第一次插针就有无数次,
25747097,2026-01-26T05:09:50+00:00,text,下载,
25747100,2026-01-26T05:09:54+00:00,text,高勝率合約社群，选择大于一切 别错过  @hysq159159,
25747116,2026-01-26T05:12:17+00:00,text,还不跑,
25747123,2026-01-26T05:13:43+00:00,text,可以布局吗大佬们,
90000025,2026-02-06T04:35:34+00:00,text,你听说superex最近新推出那个全币种合约吗,
90000027,2026-02-06T04:35:34+00:00,text,那个是真牛逼,
90000028,2026-02-06T04:35:34+00:00,text,炒完meme之后剩下的钱还能拿来直接开单,
90000029,2026-02-06T04:35:34+00:00,text,梭他妈的,
90000030,2026-02-06T04:35:34+00:00,text,拿meme炒大饼真牛逼,
90000032,2026-02-06T04:35:34+00:00,text,哥们又要迟到了,
25747125,2026-01-26T05:14:06+00:00,text,这两个有关系么,
25747132,2026-01-26T05:15:16+00:00,text,看来还要慢慢震荡,
25747133,2026-01-26T05:15:18+00:00,text,下去了,
25747143,2026-01-26T05:17:03+00:00,text,大暴跌，一两个小时就结束了,
25747146,2026-01-26T05:17:34+00:00,text,74也下去啊,
25747148,2026-01-26T05:17:44+00:00,text,兄弟爆仓亏多少,
25747149,2026-01-26T05:17:51+00:00,text,回马枪,
25747150,2026-01-26T05:17:56+00:00,text,币圈要暴跌？,
25747151,2026-01-26T05:18:18+00:00,text,本轮下跌观点汇总：比特币重要支撑位为8万美元，最终底部预测低至5.8万美元,
25747153,2026-01-26T05:18:53+00:00,text,这种四小时光头大阴线，,
25747154,2026-01-26T05:19:03+00:00,text,前段时间抄底的人，都挂了吧,
25747156,2026-01-26T05:19:10+00:00,text,只有傻狗敢抄底,
25747160,2026-01-26T05:19:42+00:00,text,很快了 看这样子也上不去80,
25747161,2026-01-26T05:19:45+00:00,text,到时候亏了说后悔，赚了说踏空,
25747162,2026-01-26T05:19:52+00:00,text,还没爆,
25747163,2026-01-26T05:19:53+00:00,text,谁敢all in,
25747164,2026-01-26T05:19:56+00:00,text,就说群里那个掉毛是拖，有仓位难道就不是拖了吗，还一堆人喷，就是要做多，现在爽了吧,
25747170,2026-01-26T05:21:08+00:00,text,亏了说后悔，赚了说踏空,
25747171,2026-01-26T05:21:22+00:00,text,那多好,
25747173,2026-01-26T05:21:37+00:00,text,现在亏多少了兄弟,
25747174,2026-01-26T05:21:45+00:00,text,跌90%，敢不敢冲,
25747177,2026-01-26T05:22:05+00:00,text,跌90，十几年出现过吗,
25747178,2026-01-26T05:22:41+00:00,text,大饼跌个十几点，直接就干进去了,
25747182,2026-01-26T05:23:11+00:00,text,比特币本月涨幅已全部回吐，较月内高点回落约10.9%,
25747191,2026-01-26T05:26:09+00:00,text,多进去,
25747196,2026-01-26T05:26:50+00:00,text,你昨天晚上也是这样说的,
25747198,2026-01-26T05:27:07+00:00,text,赶紧提币走人  换交易所玩,
25747200,2026-01-26T05:27:21+00:00,text,别人恐惧 就应该 贪婪,
25747201,2026-01-26T05:27:33+00:00,text,这几天贪婪的都挂壁了,
25747202,2026-01-26T05:27:51+00:00,text,别人小亏我破产,
25747206,2026-01-26T05:28:30+00:00,text,都玩什么,
25747207,2026-01-26T05:28:33+00:00,text,是不是进了标记U？,
25747211,2026-01-26T05:28:51+00:00,text,奇怪,
25747223,2026-01-26T05:32:26+00:00,text,谁发一下中文包,
25747226,2026-01-26T05:32:47+00:00,text,我怎么一打中文包就被撤回,
25747227,2026-01-26T05:33:13+00:00,text,开空吧,
25747243,2026-01-26T05:36:12+00:00,text,这两只会喊多的狗。,
25747246,2026-01-26T05:37:23+00:00,text,反弹不是反转，开仓我就喊,
25747249,2026-01-26T05:37:44+00:00,text,/stat@combot,
25747251,2026-01-26T05:38:34+00:00,text,在暴跌一下，也看不到底,
25747261,2026-01-26T05:40:23+00:00,text,暴跌一下，再震荡几个月,
25747263,2026-01-26T05:40:39+00:00,text,金银还能持嘛,
25747265,2026-01-26T05:40:43+00:00,text,两次暴跌还差不多,
25747266,2026-01-26T05:40:50+00:00,text,后面会有黄金跟美股暴跌的时候的,
25747274,2026-01-26T05:41:09+00:00,text,听庄家说 river不准备拉到80,
25747276,2026-01-26T05:41:21+00:00,text,悠着玩,
25747281,2026-01-26T05:43:27+00:00,text,还不如持ETH,
25747291,2026-01-26T05:46:05+00:00,text,你空黄金不怕出不来,
25747294,2026-01-26T05:46:39+00:00,text,后面会有黄金跟美股暴跌的时候的,
25747295,2026-01-26T05:46:41+00:00,text,到时候加密就顺见底了,
25747312,2026-01-26T05:47:04+00:00,text,打金狗了,
25747341,2026-01-26T05:52:03+00:00,text,😕,
25747342,2026-01-26T05:52:15+00:00,text,eth,
